連結網頁,上次檢索日期
https://heartlink.pixnet.net/blog/posts/16197200873,2026-03-29
https://heartlink.pixnet.net/blog,2026-03-28
https://heartlink.pixnet.net/blog/posts/16196132321,2026-02-19
https://x.com/heartlink0001,2026-02-13
https://heartlink.pixnet.net/blog/posts/16197037421,2026-02-07
https://heartlink.pixnet.net/blog/posts/16196931539,2026-01-21
https://heartlink.pixnet.net/blog/posts/16196766149,2026-01-15
https://heartlink.pixnet.net/blog/posts/16196580692,2026-01-14
https://heartlink.pixnet.net/blog/posts/16196313842,2026-01-08
https://seositecheckup.com/seo-audit/www.heartlink.com.tw,2025-12-31
https://www.iyp.com.tw/0277563723,2025-08-22