熱門查詢項目,點擊,曝光,點閱率,排名
放心貸,1,55,1.82%,12.51
新北二胎融資,1,45,2.22%,24.31
fun心貸_遠揚168貸款中心_台北房屋土地二胎_北部房屋借款_新北市房屋二胎_台北借款_薪轉貸_勞保貸_台北信用借款的評論,0,84,0%,8.5
新北房屋融資,0,43,0%,18.19
攤販 貸款,0,33,0%,74.18
新北房屋貸款,0,27,0%,36.07
新北融資,0,25,0%,41.44
個人信用貸款,0,20,0%,64.8
新北房貸,0,19,0%,50.26
新北代償借款,0,16,0%,80.69
新北房貸二胎,0,15,0%,53.6
負債 比 過 高,0,12,0%,50.5
鶯歌房屋借款,0,12,0%,60.92
負債比過高,0,10,0%,64.4
新北貸款,0,8,0%,41.25
機車貸款25萬,0,7,0%,19.71
新北房屋借貸,0,7,0%,27.57
新北二胎房貸,0,7,0%,39.43
新北房屋二胎融資,0,7,0%,65
新北汽車貸款,0,7,0%,128.71
新北民間房屋借款,0,6,0%,71.83
新北房屋借款,0,5,0%,38.4
負債比過高想整合,0,4,0%,36.25
負債比過高怎麼辦,0,4,0%,38.5
新北二胎貸款,0,4,0%,45.25
新北二胎借款,0,4,0%,47.25
軍公教貸款推薦,0,4,0%,95.75
新北民間融資公司,0,3,0%,3.33
軍公教車貸,0,3,0%,18
新北機車貸款,0,3,0%,37
新北房屋借錢,0,3,0%,48
新北土地借款,0,3,0%,55.67
個人 信用 貸款,0,3,0%,84
信貸開辦費,0,3,0%,91
信用貸款,0,3,0%,93.33
新北房地借錢,0,2,0%,22
新北土地貸款,0,2,0%,32
新北融資借款,0,2,0%,34
和勁房貸客服,0,2,0%,46
三峽房屋借款,0,2,0%,46.5
公教 信貸,0,2,0%,80.5
開心貸,0,2,0%,87
信用貸款利率,0,2,0%,87.5
房屋貸款,0,2,0%,90
新北自營商家融資,0,1,0%,2
軍公教房貸利率,0,1,0%,6
中國信託 信用貸款 利率 2026,0,1,0%,7
新北土地融資,0,1,0%,23
02 22761511,0,1,0%,36
新北房地借款,0,1,0%,37
新北房屋二胎房貸,0,1,0%,46
機車貸款月付金,0,1,0%,55
軍公教貸款,0,1,0%,55
信貸200萬條件,0,1,0%,57
機車 貸款 利率,0,1,0%,66
機車貸,0,1,0%,73
房貸二胎利率,0,1,0%,79
二胎房貸利率,0,1,0%,80
房屋二胎轉貸,0,1,0%,80
新北二胎房貸利率,0,1,0%,80
二胎房貸,0,1,0%,88
房貸二胎,0,1,0%,88
汽車 貸款 利率,0,1,0%,91
汽車貸款,0,1,0%,92
公教房屋貸款,0,1,0%,93
信用貸款條件,0,1,0%,95
公司貸款條件,0,1,0%,95
房屋土地二胎,0,1,0%,97
勞保轉公保,0,1,0%,99
機車貸款20萬,0,1,0%,108