日期,未建立索引,已建立索引,曝光
2026-04-02,,,3
2026-04-03,,,0
2026-04-04,12,34,2
2026-04-05,12,35,2
2026-04-06,12,35,5
2026-04-07,12,35,9
2026-04-08,12,35,4
2026-04-09,12,35,7
2026-04-10,12,35,3
2026-04-11,12,35,5
2026-04-12,12,35,4
2026-04-13,12,35,4
2026-04-14,12,35,7
2026-04-15,12,35,0
2026-04-16,12,35,6
2026-04-17,12,35,4
2026-04-18,12,35,5
2026-04-19,12,35,4
2026-04-20,12,35,6
2026-04-21,10,35,8
2026-04-22,10,35,6
2026-04-23,10,35,19
2026-04-24,10,35,8
2026-04-25,10,35,1
2026-04-26,10,35,7
2026-04-27,10,35,4
2026-04-28,10,35,11
2026-04-29,10,35,7
2026-04-30,10,35,2
2026-05-01,10,35,4
2026-05-02,9,35,6
2026-05-03,9,35,3
2026-05-04,9,35,8
2026-05-05,9,35,3
2026-05-06,9,35,9
2026-05-07,9,35,4
2026-05-08,9,35,14
2026-05-09,8,35,5
2026-05-10,8,35,2
2026-05-11,8,35,7
2026-05-12,8,35,4
2026-05-13,8,35,9
2026-05-14,8,35,3
2026-05-15,8,35,3
2026-05-16,7,35,3
2026-05-17,7,35,4
2026-05-18,7,35,9
2026-05-19,6,35,11
2026-05-20,6,35,4
2026-05-21,6,35,4
2026-05-22,6,35,0
2026-05-23,5,35,1
2026-05-24,5,35,5
2026-05-25,5,35,15
2026-05-26,3,35,5
2026-05-27,3,35,7
2026-05-28,3,35,8
2026-05-29,3,35,9
2026-05-30,2,35,5
2026-05-31,2,35,11
2026-06-01,2,35,8
2026-06-02,1,35,7
2026-06-03,1,35,8
2026-06-04,1,35,11
2026-06-05,1,35,3
2026-06-06,1,35,2
2026-06-07,1,35,7
2026-06-08,1,35,3
2026-06-09,1,35,9
2026-06-10,1,35,6
2026-06-11,1,35,8
2026-06-12,1,35,5