熱門網頁,點擊,曝光,點閱率,排名
https://www.heartlink.com.tw/index.html,56,428,13.08%,20.33
https://www.heartlink.com.tw/about-us.html,16,240,6.67%,5.35
https://www.heartlink.com.tw/,5,16,31.25%,1.44
https://www.heartlink.com.tw/news-detail-3947863.html,3,106,2.83%,36.41
https://www.heartlink.com.tw/news-detail-3947862.html,3,69,4.35%,28.78
https://www.heartlink.com.tw/news-detail-3947864.html,3,12,25%,7
https://www.heartlink.com.tw/house.html,2,269,0.74%,28.36
https://www.heartlink.com.tw/contact-us.html,2,144,1.39%,7.18
https://www.heartlink.com.tw/pressure.html,2,123,1.63%,18.45
https://www.heartlink.com.tw/services.html,2,103,1.94%,9.99
https://www.heartlink.com.tw/motorcycle.html,2,86,2.33%,18.17
https://www.heartlink.com.tw/loan.html,2,79,2.53%,12.01
https://www.heartlink.com.tw/product-detail-3988355.html,2,57,3.51%,37
https://www.heartlink.com.tw/product-detail-3983260.html,2,21,9.52%,35.67
https://www.heartlink.com.tw/two.html,1,170,0.59%,18.81
https://www.heartlink.com.tw/product-detail-3986820.html,1,45,2.22%,20.16
https://www.heartlink.com.tw/product-detail-3981813.html,1,37,2.7%,52.11
https://www.heartlink.com.tw/product-detail-3985178.html,1,13,7.69%,48.62
https://www.heartlink.com.tw/public.html,0,98,0%,23.21
https://www.heartlink.com.tw/product-detail-3991493.html,0,88,0%,45.66
https://www.heartlink.com.tw/car.html,0,80,0%,20.43
https://www.heartlink.com.tw/news-detail-4014336.html,0,79,0%,12.18
https://www.heartlink.com.tw/product-detail-3987830.html,0,60,0%,44.13
https://www.heartlink.com.tw/product-detail-3989149.html,0,33,0%,66.24
https://www.heartlink.com.tw/news.html,0,29,0%,14.07
https://www.heartlink.com.tw/news-detail-3947865.html,0,18,0%,10.72
https://www.heartlink.com.tw/story.html,0,18,0%,14.89
https://www.heartlink.com.tw/product-detail-3986492.html,0,17,0%,41.06
https://www.heartlink.com.tw/product-detail-3992919.html,0,7,0%,12.43
https://www.heartlink.com.tw/product-detail-3982940.html,0,6,0%,51.5
https://www.heartlink.com.tw/product-detail-3990734.html,0,5,0%,18.8
https://www.heartlink.com.tw/product-detail-3979901.html,0,5,0%,50.8
https://www.heartlink.com.tw/news-detail-3981224.html,0,2,0%,4.5
https://www.heartlink.com.tw/product-detail-3979904.html,0,1,0%,8
https://www.heartlink.com.tw/product-detail-3998573.html,0,1,0%,16